-- phpMyAdmin SQL Dump
-- version 5.2.1
-- https://www.phpmyadmin.net/
--
-- Host: localhost
-- Generation Time: Aug 01, 2025 at 08:42 AM
-- Server version: 10.4.28-MariaDB
-- PHP Version: 8.2.4

SET SQL_MODE = "NO_AUTO_VALUE_ON_ZERO";
START TRANSACTION;
SET time_zone = "+00:00";


/*!40101 SET @OLD_CHARACTER_SET_CLIENT=@@CHARACTER_SET_CLIENT */;
/*!40101 SET @OLD_CHARACTER_SET_RESULTS=@@CHARACTER_SET_RESULTS */;
/*!40101 SET @OLD_COLLATION_CONNECTION=@@COLLATION_CONNECTION */;
/*!40101 SET NAMES utf8mb4 */;

--
-- Database: `clothes_app`
--

-- --------------------------------------------------------

--
-- Table structure for table `admins`
--

CREATE TABLE `admins` (
  `admin_id` int(11) NOT NULL,
  `username` varchar(100) NOT NULL,
  `password` varchar(255) NOT NULL,
  `email` varchar(255) NOT NULL,
  `created_at` timestamp NOT NULL DEFAULT current_timestamp(),
  `updated_at` timestamp NOT NULL DEFAULT current_timestamp() ON UPDATE current_timestamp()
) ENGINE=InnoDB DEFAULT CHARSET=utf8mb4 COLLATE=utf8mb4_general_ci;

--
-- Dumping data for table `admins`
--

INSERT INTO `admins` (`admin_id`, `username`, `password`, `email`, `created_at`, `updated_at`) VALUES
(2, 'admin', '$2y$10$IPBGHEGnYHo7USYyYrm/7.E3WM5U6xqNeUx7oR8cKcm19I9dhoZ9i', 'karenjuduncan750@gmail.com', '2025-07-29 18:49:29', '2025-07-29 18:49:29');

-- --------------------------------------------------------

--
-- Table structure for table `cart`
--

CREATE TABLE `cart` (
  `id` int(11) NOT NULL,
  `user_id` int(11) NOT NULL,
  `product_id` int(11) NOT NULL,
  `quantity` int(11) NOT NULL DEFAULT 1,
  `created_at` timestamp NOT NULL DEFAULT current_timestamp(),
  `updated_at` timestamp NOT NULL DEFAULT current_timestamp() ON UPDATE current_timestamp(),
  `total_price` decimal(10,2) NOT NULL
) ENGINE=InnoDB DEFAULT CHARSET=utf8mb4 COLLATE=utf8mb4_general_ci;

--
-- Dumping data for table `cart`
--

INSERT INTO `cart` (`id`, `user_id`, `product_id`, `quantity`, `created_at`, `updated_at`, `total_price`) VALUES
(3, 1, 14, 4, '2025-07-30 10:23:06', '2025-07-30 10:34:50', 38000.00),
(4, 1, 13, 1, '2025-07-30 10:33:23', '2025-07-30 10:33:23', 500.00),
(5, 1, 12, 1, '2025-07-30 10:56:53', '2025-07-30 10:56:53', 800.00),
(6, 2, 14, 4, '2025-08-01 06:35:27', '2025-08-01 06:41:23', 38000.00),
(7, 2, 13, 1, '2025-08-01 06:41:03', '2025-08-01 06:41:03', 500.00),
(8, 2, 12, 1, '2025-08-01 06:41:36', '2025-08-01 06:41:36', 800.00);

-- --------------------------------------------------------

--
-- Table structure for table `inventory_movements`
--

CREATE TABLE `inventory_movements` (
  `movement_id` int(11) NOT NULL,
  `product_id` int(11) NOT NULL,
  `movement_type` enum('in','out') NOT NULL,
  `quantity` int(11) NOT NULL,
  `reason` varchar(255) DEFAULT NULL,
  `created_at` timestamp NOT NULL DEFAULT current_timestamp()
) ENGINE=InnoDB DEFAULT CHARSET=utf8mb4 COLLATE=utf8mb4_general_ci;

--
-- Dumping data for table `inventory_movements`
--

INSERT INTO `inventory_movements` (`movement_id`, `product_id`, `movement_type`, `quantity`, `reason`, `created_at`) VALUES
(11, 11, 'in', 10, 'Initial stock', '2025-07-30 05:52:10'),
(12, 12, 'in', 50, 'Initial stock', '2025-07-30 05:53:57'),
(13, 13, 'in', 100, 'Initial stock', '2025-07-30 05:55:30'),
(14, 14, 'in', 70, 'Initial stock', '2025-07-30 05:56:14');

-- --------------------------------------------------------

--
-- Table structure for table `orders`
--

CREATE TABLE `orders` (
  `order_id` int(11) NOT NULL,
  `user_id` int(11) NOT NULL,
  `product_id` int(11) DEFAULT NULL,
  `total_amount` decimal(10,2) NOT NULL,
  `status` enum('pending','processing','shipped','delivered','cancelled') DEFAULT 'pending',
  `shipping_address` text DEFAULT NULL,
  `payment_method` varchar(50) DEFAULT NULL,
  `payment_status` enum('pending','paid','failed') DEFAULT 'pending',
  `created_at` timestamp NOT NULL DEFAULT current_timestamp(),
  `updated_at` timestamp NOT NULL DEFAULT current_timestamp() ON UPDATE current_timestamp()
) ENGINE=InnoDB DEFAULT CHARSET=utf8mb4 COLLATE=utf8mb4_general_ci;

-- --------------------------------------------------------

--
-- Table structure for table `order_items`
--

CREATE TABLE `order_items` (
  `order_item_id` int(11) NOT NULL,
  `order_id` int(11) NOT NULL,
  `product_id` int(11) NOT NULL,
  `quantity` int(11) NOT NULL,
  `price` decimal(10,2) NOT NULL,
  `subtotal` decimal(10,2) NOT NULL
) ENGINE=InnoDB DEFAULT CHARSET=utf8mb4 COLLATE=utf8mb4_general_ci;

-- --------------------------------------------------------

--
-- Table structure for table `order_products`
--

CREATE TABLE `order_products` (
  `id` int(11) NOT NULL,
  `order_id` int(11) NOT NULL,
  `product_id` int(11) NOT NULL,
  `quantity` int(11) DEFAULT 1
) ENGINE=InnoDB DEFAULT CHARSET=utf8mb4 COLLATE=utf8mb4_general_ci;

-- --------------------------------------------------------

--
-- Table structure for table `products`
--

CREATE TABLE `products` (
  `product_id` int(11) NOT NULL,
  `name` varchar(255) NOT NULL,
  `category` varchar(100) NOT NULL,
  `description` text DEFAULT NULL,
  `price` decimal(10,2) NOT NULL,
  `quantity` int(11) NOT NULL DEFAULT 0,
  `image` varchar(500) DEFAULT NULL,
  `image_data` longblob DEFAULT NULL,
  `image_type` varchar(50) DEFAULT NULL,
  `created_at` timestamp NOT NULL DEFAULT current_timestamp(),
  `updated_at` timestamp NOT NULL DEFAULT current_timestamp() ON UPDATE current_timestamp()
) ENGINE=InnoDB DEFAULT CHARSET=utf8mb4 COLLATE=utf8mb4_general_ci;

--
-- Dumping data for table `products`
--

INSERT INTO `products` (`product_id`, `name`, `category`, `description`, `price`, `quantity`, `image`, `image_data`, `image_type`, `created_at`, `updated_at`) VALUES
(11, 'mutton curly', 'Boys', 'Mutton curly sweetened', 1500.00, 10, 'uploads/Mutton_cury.jpg', NULL, NULL, '2025-07-30 05:52:10', '2025-07-30 05:52:10'),
(12, 'Burgers', 'Boys', 'smoked burgers', 800.00, 50, 'uploads/Purger.jpg', NULL, NULL, '2025-07-30 05:53:57', '2025-07-30 05:53:57'),
(13, 'Black cofeee', 'Girls', 'Iced black cofee', 500.00, 100, 'uploads/Black_tea.jpg', NULL, NULL, '2025-07-30 05:55:30', '2025-07-30 05:55:30'),
(14, 'Famoly food', 'Accessories', 'Special family offers', 9500.00, 70, 'uploads/Restaurant2.jpg', NULL, NULL, '2025-07-30 05:56:14', '2025-07-30 05:56:14');

-- --------------------------------------------------------

--
-- Table structure for table `users`
--

CREATE TABLE `users` (
  `user_id` int(11) NOT NULL,
  `username` varchar(100) NOT NULL,
  `password` varchar(255) NOT NULL,
  `email` varchar(255) NOT NULL,
  `phone` varchar(20) DEFAULT NULL,
  `created_at` timestamp NOT NULL DEFAULT current_timestamp(),
  `updated_at` timestamp NOT NULL DEFAULT current_timestamp() ON UPDATE current_timestamp()
) ENGINE=InnoDB DEFAULT CHARSET=utf8mb4 COLLATE=utf8mb4_general_ci;

--
-- Dumping data for table `users`
--

INSERT INTO `users` (`user_id`, `username`, `password`, `email`, `phone`, `created_at`, `updated_at`) VALUES
(1, 'testuser', '$2y$10$92IXUNpkjO0rOQ5byMi.Ye4oKoEa3Ro9llC/.og/at2.uheWG/igi', 'test@example.com', '+254712345678', '2025-07-29 18:47:01', '2025-07-29 18:47:01'),
(2, 'karenju', '$2y$10$D.9x9vR7qerrzqFWKH2Uo.1eW5IfO5eBw6f7MQy6DQeQOtiPP2Noy', 'karenjuduncan70@gmail.com', '0112554479', '2025-07-30 05:47:06', '2025-07-30 05:47:06');

--
-- Indexes for dumped tables
--

--
-- Indexes for table `admins`
--
ALTER TABLE `admins`
  ADD PRIMARY KEY (`admin_id`),
  ADD UNIQUE KEY `username` (`username`),
  ADD UNIQUE KEY `email` (`email`);

--
-- Indexes for table `cart`
--
ALTER TABLE `cart`
  ADD PRIMARY KEY (`id`),
  ADD UNIQUE KEY `unique_user_product` (`user_id`,`product_id`),
  ADD KEY `product_id` (`product_id`),
  ADD KEY `idx_cart_user_id` (`user_id`);

--
-- Indexes for table `inventory_movements`
--
ALTER TABLE `inventory_movements`
  ADD PRIMARY KEY (`movement_id`),
  ADD KEY `idx_inventory_movements_product_id` (`product_id`),
  ADD KEY `idx_inventory_movements_created_at` (`created_at`);

--
-- Indexes for table `orders`
--
ALTER TABLE `orders`
  ADD PRIMARY KEY (`order_id`),
  ADD KEY `idx_orders_user_id` (`user_id`),
  ADD KEY `idx_orders_status` (`status`);

--
-- Indexes for table `order_items`
--
ALTER TABLE `order_items`
  ADD PRIMARY KEY (`order_item_id`),
  ADD KEY `order_id` (`order_id`),
  ADD KEY `product_id` (`product_id`);

--
-- Indexes for table `order_products`
--
ALTER TABLE `order_products`
  ADD PRIMARY KEY (`id`),
  ADD KEY `order_id` (`order_id`),
  ADD KEY `product_id` (`product_id`);

--
-- Indexes for table `products`
--
ALTER TABLE `products`
  ADD PRIMARY KEY (`product_id`),
  ADD KEY `idx_products_category` (`category`),
  ADD KEY `idx_products_price` (`price`);

--
-- Indexes for table `users`
--
ALTER TABLE `users`
  ADD PRIMARY KEY (`user_id`),
  ADD UNIQUE KEY `username` (`username`),
  ADD UNIQUE KEY `email` (`email`),
  ADD KEY `idx_users_email` (`email`),
  ADD KEY `idx_users_username` (`username`);

--
-- AUTO_INCREMENT for dumped tables
--

--
-- AUTO_INCREMENT for table `admins`
--
ALTER TABLE `admins`
  MODIFY `admin_id` int(11) NOT NULL AUTO_INCREMENT, AUTO_INCREMENT=3;

--
-- AUTO_INCREMENT for table `cart`
--
ALTER TABLE `cart`
  MODIFY `id` int(11) NOT NULL AUTO_INCREMENT, AUTO_INCREMENT=9;

--
-- AUTO_INCREMENT for table `inventory_movements`
--
ALTER TABLE `inventory_movements`
  MODIFY `movement_id` int(11) NOT NULL AUTO_INCREMENT, AUTO_INCREMENT=15;

--
-- AUTO_INCREMENT for table `orders`
--
ALTER TABLE `orders`
  MODIFY `order_id` int(11) NOT NULL AUTO_INCREMENT;

--
-- AUTO_INCREMENT for table `order_items`
--
ALTER TABLE `order_items`
  MODIFY `order_item_id` int(11) NOT NULL AUTO_INCREMENT;

--
-- AUTO_INCREMENT for table `order_products`
--
ALTER TABLE `order_products`
  MODIFY `id` int(11) NOT NULL AUTO_INCREMENT;

--
-- AUTO_INCREMENT for table `products`
--
ALTER TABLE `products`
  MODIFY `product_id` int(11) NOT NULL AUTO_INCREMENT, AUTO_INCREMENT=15;

--
-- AUTO_INCREMENT for table `users`
--
ALTER TABLE `users`
  MODIFY `user_id` int(11) NOT NULL AUTO_INCREMENT, AUTO_INCREMENT=3;

--
-- Constraints for dumped tables
--

--
-- Constraints for table `cart`
--
ALTER TABLE `cart`
  ADD CONSTRAINT `cart_ibfk_1` FOREIGN KEY (`user_id`) REFERENCES `users` (`user_id`) ON DELETE CASCADE,
  ADD CONSTRAINT `cart_ibfk_2` FOREIGN KEY (`product_id`) REFERENCES `products` (`product_id`) ON DELETE CASCADE;

--
-- Constraints for table `inventory_movements`
--
ALTER TABLE `inventory_movements`
  ADD CONSTRAINT `inventory_movements_ibfk_1` FOREIGN KEY (`product_id`) REFERENCES `products` (`product_id`) ON DELETE CASCADE;

--
-- Constraints for table `orders`
--
ALTER TABLE `orders`
  ADD CONSTRAINT `orders_ibfk_1` FOREIGN KEY (`user_id`) REFERENCES `users` (`user_id`) ON DELETE CASCADE;

--
-- Constraints for table `order_items`
--
ALTER TABLE `order_items`
  ADD CONSTRAINT `order_items_ibfk_1` FOREIGN KEY (`order_id`) REFERENCES `orders` (`order_id`) ON DELETE CASCADE,
  ADD CONSTRAINT `order_items_ibfk_2` FOREIGN KEY (`product_id`) REFERENCES `products` (`product_id`) ON DELETE CASCADE;

--
-- Constraints for table `order_products`
--
ALTER TABLE `order_products`
  ADD CONSTRAINT `order_products_ibfk_1` FOREIGN KEY (`order_id`) REFERENCES `orders` (`order_id`) ON DELETE CASCADE,
  ADD CONSTRAINT `order_products_ibfk_2` FOREIGN KEY (`product_id`) REFERENCES `products` (`product_id`) ON DELETE CASCADE;
COMMIT;

/*!40101 SET CHARACTER_SET_CLIENT=@OLD_CHARACTER_SET_CLIENT */;
/*!40101 SET CHARACTER_SET_RESULTS=@OLD_CHARACTER_SET_RESULTS */;
/*!40101 SET COLLATION_CONNECTION=@OLD_COLLATION_CONNECTION */;
